assets/img/baskin-robbins-popup/01.png	https://images.squarespace-cdn.com/content/v1/65e9632ac8470e399ffd06d9/873355fd-6566-4a1a-8e37-2b9ee3b1448c/Screen+Shot+2025-07-22+at+7.36.10+AM.png?format=original
assets/img/baskin-robbins-popup/02.png	https://images.squarespace-cdn.com/content/v1/65e9632ac8470e399ffd06d9/87397d9e-da55-445a-8d59-5a1475c62ad0/KakaoTalk_Photo_2025-07-22-07-35-43+002.png?format=original
assets/img/baskin-robbins-popup/03.png	https://images.squarespace-cdn.com/content/v1/65e9632ac8470e399ffd06d9/b177e29e-08a1-4a92-bf9b-b23f772df0e3/KakaoTalk_Photo_2025-07-22-07-35-43+003.png?format=original
assets/img/baskin-robbins-popup/04.png	https://images.squarespace-cdn.com/content/v1/65e9632ac8470e399ffd06d9/f6c0eb76-2ad7-450e-b357-23b0afd1ea14/KakaoTalk_Photo_2025-07-22-07-35-43+004.png?format=original
assets/img/baskin-robbins-popup/05.png	https://images.squarespace-cdn.com/content/v1/65e9632ac8470e399ffd06d9/2905b0a5-3033-42a7-8736-18bbd2a19e40/KakaoTalk_Photo_2025-07-22-07-35-44+005.png?format=original
assets/img/baskin-robbins-popup/06.png	https://images.squarespace-cdn.com/content/v1/65e9632ac8470e399ffd06d9/a28f5b5e-b7f1-4b53-97fe-fb0b170c98e6/KakaoTalk_Photo_2025-07-22-07-35-44+006.png?format=original
assets/img/baskin-robbins-popup/07.png	https://images.squarespace-cdn.com/content/v1/65e9632ac8470e399ffd06d9/4997e644-704b-40a7-ab91-9ad89c5126c6/KakaoTalk_Photo_2025-07-22-07-35-44+007.png?format=original
assets/img/baskin-robbins-popup/08.png	https://images.squarespace-cdn.com/content/v1/65e9632ac8470e399ffd06d9/676e4c15-8778-4c41-990e-3b9c484b8bc1/KakaoTalk_Photo_2025-07-22-07-35-45+008.png?format=original
assets/img/baskin-robbins-popup/09.png	https://images.squarespace-cdn.com/content/v1/65e9632ac8470e399ffd06d9/e4057cc3-dc91-483a-aea1-d9dbf484a0a8/KakaoTalk_Photo_2025-07-22-07-35-45+009.png?format=original
assets/img/baskin-robbins-popup/10.png	https://images.squarespace-cdn.com/content/v1/65e9632ac8470e399ffd06d9/518b4916-4956-4337-a9c3-a5f2418659da/KakaoTalk_Photo_2025-07-22-07-35-45+010.png?format=original
assets/img/baskin-robbins-popup/11.jpeg	https://images.squarespace-cdn.com/content/v1/65e9632ac8470e399ffd06d9/68c46c36-25e6-4571-909e-f03bd02bfedb/KakaoTalk_Photo_2025-07-22-07-35-45+011.jpeg?format=original
assets/img/baskin-robbins-popup/12.jpeg	https://images.squarespace-cdn.com/content/v1/65e9632ac8470e399ffd06d9/4e3d1d12-324e-421f-8010-06c2edd3be1c/KakaoTalk_Photo_2025-07-22-07-35-45+012.jpeg?format=original
assets/img/baskin-robbins-popup/13.jpeg	https://images.squarespace-cdn.com/content/v1/65e9632ac8470e399ffd06d9/48e83a58-7723-4902-b43c-76b7eb64e9d0/KakaoTalk_Photo_2025-07-22-07-35-45+013.jpeg?format=original
assets/img/baskin-robbins-popup/14.jpeg	https://images.squarespace-cdn.com/content/v1/65e9632ac8470e399ffd06d9/20bed7ad-3910-439d-83fa-a27a3a5b3bf7/KakaoTalk_Photo_2025-07-22-07-35-46+014.jpeg?format=original
assets/img/baskin-robbins-popup/15.jpeg	https://images.squarespace-cdn.com/content/v1/65e9632ac8470e399ffd06d9/36c96e2c-2025-4aab-808d-815bf17d17b1/KakaoTalk_Photo_2025-07-22-07-35-46+015.jpeg?format=original
assets/img/knotted/01.jpeg	https://images.squarespace-cdn.com/content/v1/65e9632ac8470e399ffd06d9/c5d198be-7a77-4ce5-a7ce-bb500fed8007/KakaoTalk_Photo_2025-07-05-21-10-02+023.jpeg?format=original
assets/img/knotted/02.jpg	https://images.squarespace-cdn.com/content/v1/65e9632ac8470e399ffd06d9/0251501a-4bd3-4954-b2d2-00a84e1d2ba2/%E1%84%80%E1%85%AA%E1%86%BC%E1%84%8C%E1%85%AE%E1%84%89%E1%85%A1%E1%86%BC%E1%84%86%E1%85%AE-2.jpg?format=original
assets/img/knotted/03.jpg	https://images.squarespace-cdn.com/content/v1/65e9632ac8470e399ffd06d9/7e28d0fe-c883-4948-855e-03d65de9d728/15.jpg?format=original
assets/img/knotted/04.jpg	https://images.squarespace-cdn.com/content/v1/65e9632ac8470e399ffd06d9/4adebd24-a4da-400c-9e3c-a45885857e6b/KakaoTalk_Photo_2025-07-05-21-09-56+011.jpg?format=original
assets/img/knotted/05.jpg	https://images.squarespace-cdn.com/content/v1/65e9632ac8470e399ffd06d9/4e0d2d50-b23a-403b-a7ce-e20e07526c56/KakaoTalk_Photo_2025-07-05-21-09-56+009.jpg?format=original
assets/img/knotted/06.jpeg	https://images.squarespace-cdn.com/content/v1/65e9632ac8470e399ffd06d9/ff90b8c9-fe3b-4c41-983b-46f78f23bc53/KakaoTalk_Photo_2025-07-05-21-09-59+017.jpeg?format=original
assets/img/knotted/07.jpeg	https://images.squarespace-cdn.com/content/v1/65e9632ac8470e399ffd06d9/774c9903-4f7c-492a-8390-2d027bb60312/KakaoTalk_Photo_2025-07-05-21-09-56+014.jpeg?format=original
assets/img/knotted/08.jpeg	https://images.squarespace-cdn.com/content/v1/65e9632ac8470e399ffd06d9/97aad575-e448-4d96-93e0-0c91a89917a1/KakaoTalk_Photo_2025-07-05-21-09-07+013.jpeg?format=original
assets/img/knotted-store-la/01.png	https://images.squarespace-cdn.com/content/v1/65e9632ac8470e399ffd06d9/15226841-a3f8-4593-b1e9-a79dff2b8c24/%E1%84%89%E1%85%B3%E1%84%8F%E1%85%B3%E1%84%85%E1%85%B5%E1%86%AB%E1%84%89%E1%85%A3%E1%86%BA+2025-04-11+230245.png?format=original
assets/img/knotted-store-la/02.jpg	https://images.squarespace-cdn.com/content/v1/65e9632ac8470e399ffd06d9/fec40853-7d1a-4e93-88cd-4df7f1007852/4.jpg?format=original
assets/img/knotted-store-la/03.jpg	https://images.squarespace-cdn.com/content/v1/65e9632ac8470e399ffd06d9/73da60f0-a0da-422d-99bd-8cae576b2d65/7.jpg?format=original
assets/img/knotted-store-la/04.jpg	https://images.squarespace-cdn.com/content/v1/65e9632ac8470e399ffd06d9/65019a01-676a-456c-b8ff-78ab227e05da/1.jpg?format=original
assets/img/knotted-store-la/05.jpg	https://images.squarespace-cdn.com/content/v1/65e9632ac8470e399ffd06d9/7aa6fb19-0449-4a76-9f6e-62e275c39238/2.jpg?format=original
assets/img/knotted-store-la/06.jpeg	https://images.squarespace-cdn.com/content/v1/65e9632ac8470e399ffd06d9/e1701bbd-7c95-4a2a-bddc-167ea893d53e/e6d2991b0716c.jpeg?format=original
assets/img/knotted-store-la/07.jpg	https://images.squarespace-cdn.com/content/v1/65e9632ac8470e399ffd06d9/aa5798b9-6c07-4ba6-901a-fa6010bdb78d/news-p.v1.20250526.09a26b22f82d4e838969b551bbd59c7c_P1.jpg?format=original
assets/img/knotted-store-la/08.webp	https://images.squarespace-cdn.com/content/v1/65e9632ac8470e399ffd06d9/cf0250cd-54e7-46b1-8927-197b14d707a2/knotted_12.webp?format=original
assets/img/knotted-store-la/09.webp	https://images.squarespace-cdn.com/content/v1/65e9632ac8470e399ffd06d9/5fa1b6be-20fe-444a-bf4f-704ceac89e9a/ae_1745283608965_500782_0.webp?format=original
assets/img/knotted-store-la/10.jpg	https://images.squarespace-cdn.com/content/v1/65e9632ac8470e399ffd06d9/083950e2-9b69-492d-8206-1b65fa58bbb5/news-p.v1.20250526.3d676604798f4e81be2f8844d5358d8e_P1.jpg?format=original
assets/img/retail-design-knotted-seoullo/01.png	https://images.squarespace-cdn.com/content/v1/65e9632ac8470e399ffd06d9/69956793-a9b4-4597-9317-c743ad17bcce/IMG_8072.PNG?format=original
assets/img/retail-design-knotted-seoullo/02.png	https://images.squarespace-cdn.com/content/v1/65e9632ac8470e399ffd06d9/34b6f366-f8ba-4d22-b369-0755c14a9204/IMG_8271.PNG?format=original
assets/img/retail-design-knotted-seoullo/03.jpg	https://images.squarespace-cdn.com/content/v1/65e9632ac8470e399ffd06d9/05fc122e-c2f1-4246-bc9f-6e276f76e7ad/c177e34158f5a.jpg?format=original
assets/img/retail-design-knotted-seoullo/04.jpg	https://images.squarespace-cdn.com/content/v1/65e9632ac8470e399ffd06d9/8c0a2a8a-9585-410b-a800-17c89c68ce8b/IMG_0466.JPG?format=original
assets/img/retail-design-knotted-seoullo/05.jpg	https://images.squarespace-cdn.com/content/v1/65e9632ac8470e399ffd06d9/8a5d7a1c-67e6-4dec-a668-f4671ee9d9e1/IMG_0463.JPG?format=original
assets/img/retail-design-knotted-seoullo/06.jpg	https://images.squarespace-cdn.com/content/v1/65e9632ac8470e399ffd06d9/8ae3e9f1-ab28-401e-a505-185a546c4aca/IMG_8115.JPG?format=original
assets/img/retail-design-knotted-seoullo/07.jpg	https://images.squarespace-cdn.com/content/v1/65e9632ac8470e399ffd06d9/6c72c9f5-afaf-4d3a-bd73-0c83e1c346c7/IMG_8113.JPG?format=original
assets/img/retail-design-knotted-seoullo/08.jpg	https://images.squarespace-cdn.com/content/v1/65e9632ac8470e399ffd06d9/c667941c-56e3-489c-8365-6f70c6a7bc8b/IMG_8114.JPG?format=original
assets/img/retail-design-knotted-seoullo/09.jpg	https://images.squarespace-cdn.com/content/v1/65e9632ac8470e399ffd06d9/0fa4124c-558f-4285-9355-738293eba2be/IMG_8109.JPG?format=original
assets/img/retail-design-knotted-seoullo/10.jpg	https://images.squarespace-cdn.com/content/v1/65e9632ac8470e399ffd06d9/31125f1c-40b3-40aa-be55-93805404d43d/IMG_8108.JPG?format=original
assets/img/retail-design-knotted-guui/01.png	https://images.squarespace-cdn.com/content/v1/65e9632ac8470e399ffd06d9/2bb2a480-9c96-45db-ab96-3dd4e68b9bf9/Enscape_2025-03-18-18-30-21.png?format=original
assets/img/retail-design-knotted-guui/02.png	https://images.squarespace-cdn.com/content/v1/65e9632ac8470e399ffd06d9/38a905c2-cbc2-4fd7-83ec-41cf55c6358d/Enscape_2025-03-18-18-31-28.png?format=original
assets/img/retail-design-knotted-guui/03.png	https://images.squarespace-cdn.com/content/v1/65e9632ac8470e399ffd06d9/7f4a5ff1-ff7e-4079-b4cf-77244c30d796/Enscape_2025-03-18-18-57-28.png?format=original
assets/img/retail-design-knotted-guui/04.png	https://images.squarespace-cdn.com/content/v1/65e9632ac8470e399ffd06d9/f4878b66-f039-496d-906f-7b680eb68cc4/Enscape_2025-03-18-18-33-35.png?format=original
assets/img/retail-design-knotted-guui/05.webp	https://images.squarespace-cdn.com/content/v1/65e9632ac8470e399ffd06d9/72879677-6471-467b-934a-bf0201250474/84d824a840e47.webp?format=original
assets/img/retail-design-knotted-guui/06.png	https://images.squarespace-cdn.com/content/v1/65e9632ac8470e399ffd06d9/f2e35fe0-488b-4e35-a7a0-fc9908b9344a/Screen+Shot+2025-08-30+at+3.40.30+PM.png?format=original
assets/img/retail-design-knotted-guui/07.jpeg	https://images.squarespace-cdn.com/content/v1/65e9632ac8470e399ffd06d9/e1837acc-e0ab-4051-9540-c1d7b4f440df/download+%282%29.jpeg?format=original
assets/img/retail-design-knotted-guui/08.png	https://images.squarespace-cdn.com/content/v1/65e9632ac8470e399ffd06d9/ea94d780-fa8e-4308-9ead-a356bae6e26c/Screen+Shot+2025-08-30+at+3.40.04+PM.png?format=original
assets/img/retail-design-knotted-guui/09.jpeg	https://images.squarespace-cdn.com/content/v1/65e9632ac8470e399ffd06d9/9a09138f-fea1-41bc-a096-75aa4b1ee740/download+%281%29.jpeg?format=original
assets/img/retail-design-knotted-guui/10.jpeg	https://images.squarespace-cdn.com/content/v1/65e9632ac8470e399ffd06d9/72958683-8bf3-4c8a-a528-6d234f2bab5d/download.jpeg?format=original
assets/img/clap-pizza/01.jpeg	https://images.squarespace-cdn.com/content/v1/65e9632ac8470e399ffd06d9/aa6b24d2-9cef-445d-9369-0da9cfabb2c8/KakaoTalk_Photo_2025-07-05-21-09-26+010.jpeg?format=original
assets/img/clap-pizza/02.png	https://images.squarespace-cdn.com/content/v1/65e9632ac8470e399ffd06d9/7681597b-0f97-4e2b-8e0c-7d00fad72e01/KakaoTalk_Photo_2025-08-30-08-35-45+003.png?format=original
assets/img/clap-pizza/03.png	https://images.squarespace-cdn.com/content/v1/65e9632ac8470e399ffd06d9/7a5c625c-8b17-449e-9135-1cbf75b03621/KakaoTalk_Photo_2025-08-30-08-35-45+002.png?format=original
assets/img/clap-pizza/04.png	https://images.squarespace-cdn.com/content/v1/65e9632ac8470e399ffd06d9/ea99dfd6-ef81-491f-a1af-afc325d360a6/KakaoTalk_Photo_2025-08-30-08-35-44+001.png?format=original
assets/img/clap-pizza/05.png	https://images.squarespace-cdn.com/content/v1/65e9632ac8470e399ffd06d9/d9c42807-84da-4d53-a3aa-91d95f4628ac/KakaoTalk_Photo_2025-08-30-08-35-46+004.png?format=original
assets/img/clap-pizza/06.png	https://images.squarespace-cdn.com/content/v1/65e9632ac8470e399ffd06d9/d6bfc10c-42ea-449d-b155-11a0e394c6ae/KakaoTalk_Photo_2025-08-30-08-35-46+005.png?format=original
assets/img/clap-pizza/07.png	https://images.squarespace-cdn.com/content/v1/65e9632ac8470e399ffd06d9/2f223421-03b3-4aba-b523-2dc9626af69d/KakaoTalk_Photo_2025-08-30-08-35-46+006.png?format=original
assets/img/clap-pizza/08.jpeg	https://images.squarespace-cdn.com/content/v1/65e9632ac8470e399ffd06d9/097793d6-cdac-42af-97e4-49dc09bddc36/KakaoTalk_Photo_2025-07-05-21-09-27+011.jpeg?format=original
assets/img/clap-pizza/09.jpeg	https://images.squarespace-cdn.com/content/v1/65e9632ac8470e399ffd06d9/7a139b5d-56d3-4a24-85b1-67f59e5f5977/KakaoTalk_Photo_2025-07-05-21-09-28+012.jpeg?format=original
assets/img/clap-pizza/10.jpeg	https://images.squarespace-cdn.com/content/v1/65e9632ac8470e399ffd06d9/e02b526c-312e-4ab4-b039-d3e6e0821cfd/KakaoTalk_Photo_2025-07-05-21-09-30+016.jpeg?format=original
assets/img/clap-pizza/11.jpeg	https://images.squarespace-cdn.com/content/v1/65e9632ac8470e399ffd06d9/5a6a773d-5336-449a-be93-e26c935445b9/KakaoTalk_Photo_2025-07-05-21-09-21+001.jpeg?format=original
assets/img/clap-pizza/12.jpeg	https://images.squarespace-cdn.com/content/v1/65e9632ac8470e399ffd06d9/5a73ae54-1aed-4c86-9368-913dba0da76e/KakaoTalk_Photo_2025-07-05-21-09-22+002.jpeg?format=original
assets/img/clap-pizza/13.jpeg	https://images.squarespace-cdn.com/content/v1/65e9632ac8470e399ffd06d9/2f9570bb-a516-4a3a-996f-937ea4caa50a/KakaoTalk_Photo_2025-07-05-21-09-23+004.jpeg?format=original
assets/img/clap-pizza/14.jpeg	https://images.squarespace-cdn.com/content/v1/65e9632ac8470e399ffd06d9/eae68cf9-189d-4530-8405-c0d6bec5ebc3/KakaoTalk_Photo_2025-07-05-21-09-25+007.jpeg?format=original
assets/img/clap-pizza/15.jpeg	https://images.squarespace-cdn.com/content/v1/65e9632ac8470e399ffd06d9/cd8ff35f-2dbb-4c31-9cf9-8e455ad4ae8b/KakaoTalk_Photo_2025-07-05-21-09-25+008.jpeg?format=original
assets/img/clap-pizza/16.jpeg	https://images.squarespace-cdn.com/content/v1/65e9632ac8470e399ffd06d9/ca9031c6-22b6-4a88-b70f-ad91e25cd89f/KakaoTalk_Photo_2025-07-05-21-09-26+009.jpeg?format=original
assets/img/clap-pizza/17.jpeg	https://images.squarespace-cdn.com/content/v1/65e9632ac8470e399ffd06d9/c54d2572-4ef6-4cc1-b549-b0b000361ccc/KakaoTalk_Photo_2025-07-05-21-09-28+013.jpeg?format=original
assets/img/gffg-graphic-works/01.png	https://images.squarespace-cdn.com/content/v1/65e9632ac8470e399ffd06d9/f9c6d6aa-9d9e-4527-97b0-3f84559d2482/Screen+Shot+2025-08-26+at+7.35.57+AM.png?format=original
assets/img/gffg-graphic-works/02.png	https://images.squarespace-cdn.com/content/v1/65e9632ac8470e399ffd06d9/9aea23d5-0215-4349-a6f0-84a9689e33f4/Screen+Shot+2025-08-26+at+7.36.02+AM.png?format=original
assets/img/gffg-graphic-works/03.png	https://images.squarespace-cdn.com/content/v1/65e9632ac8470e399ffd06d9/9022ba11-e2de-4349-975e-ddec9c1598c7/Screen+Shot+2025-08-26+at+7.36.10+AM.png?format=original
assets/img/gffg-graphic-works/04.png	https://images.squarespace-cdn.com/content/v1/65e9632ac8470e399ffd06d9/892e2018-f7f1-433f-b5f4-99d0ef929ec4/Screen+Shot+2025-08-26+at+7.36.22+AM.png?format=original
assets/img/gffg-graphic-works/05.png	https://images.squarespace-cdn.com/content/v1/65e9632ac8470e399ffd06d9/1b9b6523-ed1c-4234-bb9c-afc37da6d71e/Screen+Shot+2025-08-26+at+7.36.27+AM.png?format=original
assets/img/gffg-graphic-works/06.png	https://images.squarespace-cdn.com/content/v1/65e9632ac8470e399ffd06d9/5fbee56f-99eb-423e-8176-f73c8b2de1a0/Screen+Shot+2025-08-26+at+7.36.32+AM.png?format=original
assets/img/gffg-graphic-works/07.png	https://images.squarespace-cdn.com/content/v1/65e9632ac8470e399ffd06d9/c8d813b6-fb71-4446-943e-1e1deab5a519/Screen+Shot+2025-08-26+at+7.36.38+AM.png?format=original
assets/img/gffg-graphic-works/08.png	https://images.squarespace-cdn.com/content/v1/65e9632ac8470e399ffd06d9/73646723-505f-4f60-880a-5546aaf7e2f3/Screen+Shot+2025-08-26+at+7.36.43+AM.png?format=original
assets/img/gffg-graphic-works/09.png	https://images.squarespace-cdn.com/content/v1/65e9632ac8470e399ffd06d9/54fcce0d-42ff-4c01-9aa7-17e5406b2900/Screen+Shot+2025-08-26+at+7.36.52+AM.png?format=original
assets/img/gffg-graphic-works/10.png	https://images.squarespace-cdn.com/content/v1/65e9632ac8470e399ffd06d9/f58b9932-060c-424c-a831-ab2523016ea7/Screen+Shot+2025-08-26+at+7.36.58+AM.png?format=original
assets/img/gffg-graphic-works/11.png	https://images.squarespace-cdn.com/content/v1/65e9632ac8470e399ffd06d9/ef281de2-a231-40e7-ba64-6a1afd9acef9/Screen+Shot+2025-08-26+at+7.37.03+AM.png?format=original
assets/img/gffg-graphic-works/12.png	https://images.squarespace-cdn.com/content/v1/65e9632ac8470e399ffd06d9/278e12bf-edbf-49c8-96d7-8ba88d9209a7/Screen+Shot+2025-08-26+at+7.37.07+AM.png?format=original
assets/img/gffg-graphic-works/13.png	https://images.squarespace-cdn.com/content/v1/65e9632ac8470e399ffd06d9/8d3d39cf-b4a5-434d-b054-ff41416b79f9/Screen+Shot+2025-08-26+at+7.31.20+AM.png?format=original
assets/img/gffg-graphic-works/14.png	https://images.squarespace-cdn.com/content/v1/65e9632ac8470e399ffd06d9/608602b9-b44c-4bcb-9fc4-8c6c8ddeb4b6/Screen+Shot+2025-08-26+at+7.32.10+AM.png?format=original
assets/img/gffg-graphic-works/15.png	https://images.squarespace-cdn.com/content/v1/65e9632ac8470e399ffd06d9/f2eba524-15b9-431f-9eae-aee2d6e97039/Screen+Shot+2025-08-26+at+7.33.40+AM.png?format=original
assets/img/gffg-graphic-works/16.png	https://images.squarespace-cdn.com/content/v1/65e9632ac8470e399ffd06d9/c43b062b-6255-4ada-93c0-e16ca4fb031e/Screen+Shot+2025-08-26+at+7.31.51+AM.png?format=original
assets/img/gffg-graphic-works/17.png	https://images.squarespace-cdn.com/content/v1/65e9632ac8470e399ffd06d9/71eaada6-660a-4a63-8bdf-3991e9d34b34/Screen+Shot+2025-08-26+at+7.34.12+AM.png?format=original
assets/img/gffg-graphic-works/18.png	https://images.squarespace-cdn.com/content/v1/65e9632ac8470e399ffd06d9/d18d2616-4ce1-4421-951c-fcb2b2115420/Screen+Shot+2025-08-26+at+7.32.55+AM.png?format=original
assets/img/knotted-goods-proposal/01.jpg	https://images.squarespace-cdn.com/content/v1/65e9632ac8470e399ffd06d9/7096683f-61f7-4705-b827-4075cc8b3423/KN_%E1%84%80%E1%85%AE%E1%86%BA%E1%84%8C%E1%85%B3+%E1%84%8C%E1%85%A6%E1%84%8B%E1%85%A1%E1%86%AB%E1%84%89%E1%85%A5_250317+%281%29_Page_01.jpg?format=original
assets/img/knotted-goods-proposal/02.jpg	https://images.squarespace-cdn.com/content/v1/65e9632ac8470e399ffd06d9/a9582c07-1319-4cf3-842a-dd908d7c658d/KN_%E1%84%80%E1%85%AE%E1%86%BA%E1%84%8C%E1%85%B3+%E1%84%8C%E1%85%A6%E1%84%8B%E1%85%A1%E1%86%AB%E1%84%89%E1%85%A5_250317+%281%29_Page_02.jpg?format=original
assets/img/knotted-goods-proposal/03.jpg	https://images.squarespace-cdn.com/content/v1/65e9632ac8470e399ffd06d9/498147ae-f728-4963-939c-82a6078d39f2/KN_%E1%84%80%E1%85%AE%E1%86%BA%E1%84%8C%E1%85%B3+%E1%84%8C%E1%85%A6%E1%84%8B%E1%85%A1%E1%86%AB%E1%84%89%E1%85%A5_250317+%281%29_Page_03.jpg?format=original
assets/img/knotted-goods-proposal/04.jpg	https://images.squarespace-cdn.com/content/v1/65e9632ac8470e399ffd06d9/52c65fc5-c396-4690-b203-b887bd1901f7/KN_%E1%84%80%E1%85%AE%E1%86%BA%E1%84%8C%E1%85%B3+%E1%84%8C%E1%85%A6%E1%84%8B%E1%85%A1%E1%86%AB%E1%84%89%E1%85%A5_250317+%281%29_Page_04.jpg?format=original
assets/img/knotted-goods-proposal/05.jpg	https://images.squarespace-cdn.com/content/v1/65e9632ac8470e399ffd06d9/790f8b9b-a43e-4eed-80cd-fe26a8018771/KN_%E1%84%80%E1%85%AE%E1%86%BA%E1%84%8C%E1%85%B3+%E1%84%8C%E1%85%A6%E1%84%8B%E1%85%A1%E1%86%AB%E1%84%89%E1%85%A5_250317+%281%29_Page_05.jpg?format=original
assets/img/knotted-goods-proposal/06.jpg	https://images.squarespace-cdn.com/content/v1/65e9632ac8470e399ffd06d9/f219d946-7bbf-4be7-a3ba-3cf2f242491c/KN_%E1%84%80%E1%85%AE%E1%86%BA%E1%84%8C%E1%85%B3+%E1%84%8C%E1%85%A6%E1%84%8B%E1%85%A1%E1%86%AB%E1%84%89%E1%85%A5_250317+%281%29_Page_06.jpg?format=original
assets/img/knotted-goods-proposal/07.jpg	https://images.squarespace-cdn.com/content/v1/65e9632ac8470e399ffd06d9/6a63f94b-72e0-44c6-ab06-5d9ed76bf174/KN_%E1%84%80%E1%85%AE%E1%86%BA%E1%84%8C%E1%85%B3+%E1%84%8C%E1%85%A6%E1%84%8B%E1%85%A1%E1%86%AB%E1%84%89%E1%85%A5_250317+%281%29_Page_07.jpg?format=original
assets/img/knotted-goods-proposal/08.jpg	https://images.squarespace-cdn.com/content/v1/65e9632ac8470e399ffd06d9/86d7d349-f966-49a8-874d-3dc2fbb73fe1/KN_%E1%84%80%E1%85%AE%E1%86%BA%E1%84%8C%E1%85%B3+%E1%84%8C%E1%85%A6%E1%84%8B%E1%85%A1%E1%86%AB%E1%84%89%E1%85%A5_250317+%281%29_Page_08.jpg?format=original
assets/img/knotted-goods-proposal/09.jpg	https://images.squarespace-cdn.com/content/v1/65e9632ac8470e399ffd06d9/1140e487-2d79-409c-85a3-87d2d79ae518/KN_%E1%84%80%E1%85%AE%E1%86%BA%E1%84%8C%E1%85%B3+%E1%84%8C%E1%85%A6%E1%84%8B%E1%85%A1%E1%86%AB%E1%84%89%E1%85%A5_250317+%281%29_Page_09.jpg?format=original
assets/img/knotted-goods-proposal/10.jpg	https://images.squarespace-cdn.com/content/v1/65e9632ac8470e399ffd06d9/d11b4551-770e-4a00-9eaf-363819f832cd/KN_%E1%84%80%E1%85%AE%E1%86%BA%E1%84%8C%E1%85%B3+%E1%84%8C%E1%85%A6%E1%84%8B%E1%85%A1%E1%86%AB%E1%84%89%E1%85%A5_250317+%281%29_Page_10.jpg?format=original
assets/img/knotted-goods-proposal/11.jpg	https://images.squarespace-cdn.com/content/v1/65e9632ac8470e399ffd06d9/05ac43c7-767d-4d5b-b65a-ec4c52e9897e/KN_%E1%84%80%E1%85%AE%E1%86%BA%E1%84%8C%E1%85%B3+%E1%84%8C%E1%85%A6%E1%84%8B%E1%85%A1%E1%86%AB%E1%84%89%E1%85%A5_250317+%281%29_Page_11.jpg?format=original
assets/img/knotted-goods-proposal/12.jpg	https://images.squarespace-cdn.com/content/v1/65e9632ac8470e399ffd06d9/253e42a0-14bd-43e6-bcc8-422d7d6d8072/KN_%E1%84%80%E1%85%AE%E1%86%BA%E1%84%8C%E1%85%B3+%E1%84%8C%E1%85%A6%E1%84%8B%E1%85%A1%E1%86%AB%E1%84%89%E1%85%A5_250317+%281%29_Page_12.jpg?format=original
assets/img/knotted-goods-proposal/13.jpg	https://images.squarespace-cdn.com/content/v1/65e9632ac8470e399ffd06d9/a228540d-16d5-4ce4-944d-8a3aaf5561a6/KN_%E1%84%80%E1%85%AE%E1%86%BA%E1%84%8C%E1%85%B3+%E1%84%8C%E1%85%A6%E1%84%8B%E1%85%A1%E1%86%AB%E1%84%89%E1%85%A5_250317+%281%29_Page_13.jpg?format=original
assets/img/knotted-goods-proposal/14.jpg	https://images.squarespace-cdn.com/content/v1/65e9632ac8470e399ffd06d9/75f40276-efb4-4ad4-9e7a-9f43073c6a22/KN_%E1%84%80%E1%85%AE%E1%86%BA%E1%84%8C%E1%85%B3+%E1%84%8C%E1%85%A6%E1%84%8B%E1%85%A1%E1%86%AB%E1%84%89%E1%85%A5_250317+%281%29_Page_14.jpg?format=original
assets/img/knotted-goods-proposal/15.jpg	https://images.squarespace-cdn.com/content/v1/65e9632ac8470e399ffd06d9/e375d03e-e774-4396-a446-d53065b21014/KN_%E1%84%80%E1%85%AE%E1%86%BA%E1%84%8C%E1%85%B3+%E1%84%8C%E1%85%A6%E1%84%8B%E1%85%A1%E1%86%AB%E1%84%89%E1%85%A5_250317+%281%29_Page_15.jpg?format=original
assets/img/knotted-goods-proposal/16.jpg	https://images.squarespace-cdn.com/content/v1/65e9632ac8470e399ffd06d9/0caf7695-c06a-4cc8-934e-a54c47c30041/KN_%E1%84%80%E1%85%AE%E1%86%BA%E1%84%8C%E1%85%B3+%E1%84%8C%E1%85%A6%E1%84%8B%E1%85%A1%E1%86%AB%E1%84%89%E1%85%A5_250317+%281%29_Page_16.jpg?format=original
assets/img/knotted-goods-proposal/17.jpg	https://images.squarespace-cdn.com/content/v1/65e9632ac8470e399ffd06d9/67a5b19c-88af-4f4b-88ba-76a4e8753ed0/KN_%E1%84%80%E1%85%AE%E1%86%BA%E1%84%8C%E1%85%B3+%E1%84%8C%E1%85%A6%E1%84%8B%E1%85%A1%E1%86%AB%E1%84%89%E1%85%A5_250317+%281%29_Page_17.jpg?format=original
assets/img/knotted-goods-proposal/18.jpg	https://images.squarespace-cdn.com/content/v1/65e9632ac8470e399ffd06d9/ba02037e-5f75-4b79-9248-f78bc75495a8/KN_%E1%84%80%E1%85%AE%E1%86%BA%E1%84%8C%E1%85%B3+%E1%84%8C%E1%85%A6%E1%84%8B%E1%85%A1%E1%86%AB%E1%84%89%E1%85%A5_250317+%281%29_Page_18.jpg?format=original
assets/img/knotted-goods-proposal/19.jpg	https://images.squarespace-cdn.com/content/v1/65e9632ac8470e399ffd06d9/015bc39a-f603-49bd-9441-c42e96662b9c/KN_%E1%84%80%E1%85%AE%E1%86%BA%E1%84%8C%E1%85%B3+%E1%84%8C%E1%85%A6%E1%84%8B%E1%85%A1%E1%86%AB%E1%84%89%E1%85%A5_250317+%281%29_Page_19.jpg?format=original
assets/img/knotted-goods-proposal/20.jpg	https://images.squarespace-cdn.com/content/v1/65e9632ac8470e399ffd06d9/545b92c7-8de4-4f76-851f-23b3fa2139ac/KN_%E1%84%80%E1%85%AE%E1%86%BA%E1%84%8C%E1%85%B3+%E1%84%8C%E1%85%A6%E1%84%8B%E1%85%A1%E1%86%AB%E1%84%89%E1%85%A5_250317+%281%29_Page_20.jpg?format=original
assets/img/knotted-goods-proposal/21.jpg	https://images.squarespace-cdn.com/content/v1/65e9632ac8470e399ffd06d9/aaf79886-e544-4453-975e-d3ff679ee760/KN_%E1%84%80%E1%85%AE%E1%86%BA%E1%84%8C%E1%85%B3+%E1%84%8C%E1%85%A6%E1%84%8B%E1%85%A1%E1%86%AB%E1%84%89%E1%85%A5_250317+%281%29_Page_21.jpg?format=original
assets/img/knotted-goods-proposal/22.jpg	https://images.squarespace-cdn.com/content/v1/65e9632ac8470e399ffd06d9/354288b3-9c83-4480-86cb-7ac2ca071cf8/KN_%E1%84%80%E1%85%AE%E1%86%BA%E1%84%8C%E1%85%B3+%E1%84%8C%E1%85%A6%E1%84%8B%E1%85%A1%E1%86%AB%E1%84%89%E1%85%A5_250317+%281%29_Page_22.jpg?format=original
assets/img/knotted-goods-proposal/23.jpg	https://images.squarespace-cdn.com/content/v1/65e9632ac8470e399ffd06d9/eee3178d-3b85-4496-8fe6-ed130796a5ac/KN_%E1%84%80%E1%85%AE%E1%86%BA%E1%84%8C%E1%85%B3+%E1%84%8C%E1%85%A6%E1%84%8B%E1%85%A1%E1%86%AB%E1%84%89%E1%85%A5_250317+%281%29_Page_23.jpg?format=original
assets/img/project-three/01.png	https://images.squarespace-cdn.com/content/v1/65e9632ac8470e399ffd06d9/021b2ef0-d8cf-40af-8b97-1ce4cd01965d/Screen+Shot+2025-08-30+at+8.46.18+AM.png?format=original
assets/img/project-three/02.png	https://images.squarespace-cdn.com/content/v1/65e9632ac8470e399ffd06d9/07a64722-6de8-486f-8949-13feea5a2afb/Screen+Shot+2025-08-30+at+8.46.25+AM.png?format=original
assets/img/project-three/03.png	https://images.squarespace-cdn.com/content/v1/65e9632ac8470e399ffd06d9/3eebf5a3-c68d-44b5-b405-7d502cc27b10/Screen+Shot+2025-08-30+at+8.46.31+AM.png?format=original
assets/img/project-three/04.png	https://images.squarespace-cdn.com/content/v1/65e9632ac8470e399ffd06d9/3e755769-2c52-42a7-9bab-dace9195247e/Screen+Shot+2025-08-30+at+8.46.36+AM.png?format=original
assets/img/project-three/05.png	https://images.squarespace-cdn.com/content/v1/65e9632ac8470e399ffd06d9/fdc0e5a7-48e9-4ebd-8174-b32f8b4ab7ff/Screen+Shot+2025-08-30+at+8.46.52+AM.png?format=original
assets/img/project-three/06.png	https://images.squarespace-cdn.com/content/v1/65e9632ac8470e399ffd06d9/3e981c61-d013-470e-894e-ad8b79716fa7/Screen+Shot+2025-08-30+at+8.46.57+AM.png?format=original
assets/img/project-three/07.png	https://images.squarespace-cdn.com/content/v1/65e9632ac8470e399ffd06d9/d8592298-1315-4950-b9c5-e6eb0552fda4/Screen+Shot+2025-08-30+at+8.47.03+AM.png?format=original
assets/img/project-three/08.png	https://images.squarespace-cdn.com/content/v1/65e9632ac8470e399ffd06d9/4cdb921b-34b0-4813-a8a0-f60e7f21435c/Screen+Shot+2025-08-30+at+8.47.23+AM.png?format=original
assets/img/project-three/09.png	https://images.squarespace-cdn.com/content/v1/65e9632ac8470e399ffd06d9/3dc730a5-3a98-44f3-99d7-b4a0d5a56291/Screen+Shot+2025-08-30+at+8.47.34+AM.png?format=original
assets/img/project-three/10.png	https://images.squarespace-cdn.com/content/v1/65e9632ac8470e399ffd06d9/32241e28-792f-41fb-826d-ad4422469948/Screen+Shot+2025-08-30+at+8.47.48+AM.png?format=original
assets/img/toysrus/01.jpeg	https://images.squarespace-cdn.com/content/v1/65e9632ac8470e399ffd06d9/026c42c8-6df2-42e8-9812-c8721d825f5a/mickey2.jpeg?format=original
assets/img/toysrus/02.jpeg	https://images.squarespace-cdn.com/content/v1/65e9632ac8470e399ffd06d9/624aea43-d5de-44a1-8e72-3e11c9554c8e/image+%284%29.jpeg?format=original
assets/img/toysrus/03.jpg	https://images.squarespace-cdn.com/content/v1/65e9632ac8470e399ffd06d9/fa13d353-ba32-4bdf-b9f5-a73cf3340878/TRU01.jpg?format=original
assets/img/toysrus/04.jpeg	https://images.squarespace-cdn.com/content/v1/65e9632ac8470e399ffd06d9/bd25b5aa-0334-4fb6-aab2-2a5872c20f09/image+%285%29.jpeg?format=original
assets/img/toysrus/05.jpeg	https://images.squarespace-cdn.com/content/v1/65e9632ac8470e399ffd06d9/54c29d1d-f162-4d09-9904-59749d887c03/image+%281%29.jpeg?format=original
assets/img/toysrus/06.jpeg	https://images.squarespace-cdn.com/content/v1/65e9632ac8470e399ffd06d9/bf0aa155-2900-4054-94af-e55cf8ac3bab/image.jpeg?format=original
assets/img/toysrus/07.jpg	https://images.squarespace-cdn.com/content/v1/65e9632ac8470e399ffd06d9/d9a48109-f98c-4308-a791-57342adebfab/TRU03.jpg?format=original
assets/img/toysrus/08.jpg	https://images.squarespace-cdn.com/content/v1/65e9632ac8470e399ffd06d9/97beceb0-303e-4a0c-ae25-c89b9bf33f3a/TRU04.jpg?format=original
assets/img/toysrus/09.jpeg	https://images.squarespace-cdn.com/content/v1/65e9632ac8470e399ffd06d9/18eb851d-058e-45fb-804d-e3c846e52067/KakaoTalk_Photo_2022-11-29-14-21-11.jpeg?format=original
assets/img/toysrus/10.png	https://images.squarespace-cdn.com/content/v1/65e9632ac8470e399ffd06d9/634556f0-e1f9-4d7c-925f-92595c5f688d/Screen+Shot+2024-03-09+at+9.44.38+AM.png?format=original
assets/img/toysrus/11.png	https://images.squarespace-cdn.com/content/v1/65e9632ac8470e399ffd06d9/30f0d31a-45ce-4990-aaa2-ff336fb30743/Screen+Shot+2024-03-09+at+9.46.39+AM.png?format=original
assets/img/toysrus/12.png	https://images.squarespace-cdn.com/content/v1/65e9632ac8470e399ffd06d9/462ce3a1-03e6-47f1-b5f2-0b85ef72a2b1/Screen+Shot+2024-03-09+at+9.37.33+AM.png?format=original
assets/img/toysrus/13.png	https://images.squarespace-cdn.com/content/v1/65e9632ac8470e399ffd06d9/e81fe011-f9f1-473c-9212-e2db1c9cc31f/Screen+Shot+2024-03-09+at+9.38.12+AM.png?format=original
assets/img/toysrus/14.png	https://images.squarespace-cdn.com/content/v1/65e9632ac8470e399ffd06d9/3b4aaa4d-a129-4a0f-95bb-cd352c93f734/Screen+Shot+2024-03-09+at+9.39.29+AM.png?format=original
assets/img/toysrus/15.png	https://images.squarespace-cdn.com/content/v1/65e9632ac8470e399ffd06d9/15ecd03f-9506-433c-8725-ddefe32b9917/Screen+Shot+2024-03-09+at+9.39.50+AM.png?format=original
assets/img/toysrus/16.png	https://images.squarespace-cdn.com/content/v1/65e9632ac8470e399ffd06d9/80abb1a9-b613-495f-8163-17901084db68/Screen+Shot+2024-03-09+at+9.38.33+AM.png?format=original
assets/img/toysrus/17.jpeg	https://images.squarespace-cdn.com/content/v1/65e9632ac8470e399ffd06d9/58e59f7d-b318-4a7d-a689-247c860015e0/KakaoTalk_Photo_2022-11-29-14-32-16.jpeg?format=original
assets/img/toysrus/18.jpeg	https://images.squarespace-cdn.com/content/v1/65e9632ac8470e399ffd06d9/4b92b7a0-38c4-4910-9abf-1ecc2707af39/KakaoTalk_Photo_2022-11-29-14-31-47.jpeg?format=original
assets/img/d100-hyundai/01.jpeg	https://images.squarespace-cdn.com/content/v1/65e9632ac8470e399ffd06d9/6f34ec5a-5a9b-4b98-a567-f66a7b3fe7e7/KakaoTalk_Photo_2024-02-21-19-44-20+025.jpeg?format=original
assets/img/d100-hyundai/02.jpeg	https://images.squarespace-cdn.com/content/v1/65e9632ac8470e399ffd06d9/8923c334-288d-41b3-9444-2a049591571f/KakaoTalk_Photo_2024-02-21-19-44-21+026.jpeg?format=original
assets/img/d100-hyundai/03.jpeg	https://images.squarespace-cdn.com/content/v1/65e9632ac8470e399ffd06d9/b76a643b-e3f9-4c7d-949f-4a4b5faed852/KakaoTalk_Photo_2024-02-21-19-44-21+027.jpeg?format=original
assets/img/d100-hyundai/04.jpeg	https://images.squarespace-cdn.com/content/v1/65e9632ac8470e399ffd06d9/27577c22-f5e8-406d-b4a3-21c1ef5d15c2/KakaoTalk_Photo_2024-02-21-19-44-17+004.jpeg?format=original
assets/img/d100-hyundai/05.jpeg	https://images.squarespace-cdn.com/content/v1/65e9632ac8470e399ffd06d9/9434bc20-a8eb-404f-bb93-1ff3726c4819/KakaoTalk_Photo_2024-02-21-19-44-17+005.jpeg?format=original
assets/img/d100-hyundai/06.jpeg	https://images.squarespace-cdn.com/content/v1/65e9632ac8470e399ffd06d9/f7f257a8-bc9e-4434-89fe-17189e1a2ad0/KakaoTalk_Photo_2024-02-21-19-44-21+029.jpeg?format=original
assets/img/d100-hyundai/07.jpeg	https://images.squarespace-cdn.com/content/v1/65e9632ac8470e399ffd06d9/8f245d48-6ad1-45e6-8841-62a8ee344142/KakaoTalk_Photo_2024-02-21-19-44-17+004.jpeg?format=original
assets/img/korea-kickoff/01.jpeg	https://images.squarespace-cdn.com/content/v1/65e9632ac8470e399ffd06d9/86743b4a-2abd-4c38-8520-e3a8b7457a30/WechatIMG610.jpeg?format=original
assets/img/korea-kickoff/02.jpeg	https://images.squarespace-cdn.com/content/v1/65e9632ac8470e399ffd06d9/304d75b4-af07-422a-9f01-f2f94030a74e/WechatIMG609.jpeg?format=original
assets/img/korea-kickoff/03.jpeg	https://images.squarespace-cdn.com/content/v1/65e9632ac8470e399ffd06d9/70089364-bc6c-4def-9596-61cce65ca7c2/WechatIMG607.jpeg?format=original
assets/img/korea-kickoff/04.jpeg	https://images.squarespace-cdn.com/content/v1/65e9632ac8470e399ffd06d9/63c2fceb-95b1-45aa-8042-0f8bdeaa6feb/WechatIMG606.jpeg?format=original
assets/img/korea-kickoff/05.jpg	https://images.squarespace-cdn.com/content/v1/65e9632ac8470e399ffd06d9/1473951d-859e-4952-8f95-56beec95e2f7/all.jpg?format=original
assets/img/korea-kickoff/06.jpg	https://images.squarespace-cdn.com/content/v1/65e9632ac8470e399ffd06d9/32782ec3-9681-4981-abb1-b0cc56289e1d/WechatIMG579.jpg?format=original
assets/img/korea-kickoff/07.jpeg	https://images.squarespace-cdn.com/content/v1/65e9632ac8470e399ffd06d9/2acde870-fdff-4a42-86aa-d4055dfd9546/WechatIMG578.jpeg?format=original
assets/img/korea-kickoff/08.jpeg	https://images.squarespace-cdn.com/content/v1/65e9632ac8470e399ffd06d9/53dfb045-3347-4e73-8020-0c827f15cf30/WechatIMG581.jpeg?format=original
assets/img/korea-kickoff/09.jpg	https://images.squarespace-cdn.com/content/v1/65e9632ac8470e399ffd06d9/e5922476-7b27-4d4d-821d-2e135d3653dc/WechatIMG576.jpg?format=original
assets/img/korea-kickoff/10.jpeg	https://images.squarespace-cdn.com/content/v1/65e9632ac8470e399ffd06d9/953cdae3-58c3-439b-b73b-3fba9c6752b0/WechatIMG573.jpeg?format=original
assets/img/korea-kickoff/11.jpeg	https://images.squarespace-cdn.com/content/v1/65e9632ac8470e399ffd06d9/03ade690-7d51-49a8-9336-c2565805ae6d/WechatIMG570.jpeg?format=original
assets/img/korea-kickoff/12.jpg	https://images.squarespace-cdn.com/content/v1/65e9632ac8470e399ffd06d9/5d752284-912c-425f-b4ff-48e9ff916641/WechatIMG564.jpg?format=original
assets/img/korea-kickoff/13.jpeg	https://images.squarespace-cdn.com/content/v1/65e9632ac8470e399ffd06d9/d9b64b6e-8066-44fe-8a16-089697dcf2a7/WechatIMG574.jpeg?format=original
assets/img/korea-kickoff/14.jpeg	https://images.squarespace-cdn.com/content/v1/65e9632ac8470e399ffd06d9/65acca34-af2e-4150-b469-402daa996650/WechatIMG575.jpeg?format=original
assets/img/korea-kickoff/15.jpg	https://images.squarespace-cdn.com/content/v1/65e9632ac8470e399ffd06d9/8eb95b7a-e947-4088-8008-cc354054e76c/WechatIMG567.jpg?format=original
assets/img/korea-kickoff/16.jpg	https://images.squarespace-cdn.com/content/v1/65e9632ac8470e399ffd06d9/46605230-be21-40da-8ed1-857d799bae6c/WechatIMG603.jpg?format=original
assets/img/korea-kickoff/17.jpeg	https://images.squarespace-cdn.com/content/v1/65e9632ac8470e399ffd06d9/5deb7ad4-0992-4215-b01a-9c8d879960d6/WechatIMG596.jpeg?format=original
assets/img/korea-kickoff/18.jpeg	https://images.squarespace-cdn.com/content/v1/65e9632ac8470e399ffd06d9/f9fe03ee-6b8a-45e1-83d5-9e01136223ad/WechatIMG600.jpeg?format=original
assets/img/korea-kickoff/19.jpeg	https://images.squarespace-cdn.com/content/v1/65e9632ac8470e399ffd06d9/8c6f3fd9-c3aa-47fe-91ab-98f857983a7f/WechatIMG611.jpeg?format=original
assets/img/korea-kickoff/20.jpeg	https://images.squarespace-cdn.com/content/v1/65e9632ac8470e399ffd06d9/831ccdbd-0e31-4355-96af-6fbf71771ca1/WechatIMG605.jpeg?format=original
assets/img/korea-kickoff/21.jpeg	https://images.squarespace-cdn.com/content/v1/65e9632ac8470e399ffd06d9/6ce6179f-d9b2-4c2f-b9fe-b49bfb081acd/WechatIMG602.jpeg?format=original
assets/img/korea-kickoff/22.jpeg	https://images.squarespace-cdn.com/content/v1/65e9632ac8470e399ffd06d9/1e54fc83-5ed9-432e-8ab0-637a094313e3/WechatIMG601.jpeg?format=original
assets/img/graphic/01.jpg	https://images.squarespace-cdn.com/content/v1/65e9632ac8470e399ffd06d9/b4b6c2da-6c97-483c-8b20-f370b66f3fcc/Winterwonderland.jpg?format=original
assets/img/graphic/02.jpg	https://images.squarespace-cdn.com/content/v1/65e9632ac8470e399ffd06d9/5fac8747-7831-415a-b1fb-f012952c1415/natgeotree.jpg?format=original
assets/img/graphic/03.jpg	https://images.squarespace-cdn.com/content/v1/65e9632ac8470e399ffd06d9/3d60e1df-5793-4796-9fc0-6581cfc5b76f/WinterWonderland_v3-bluetree.jpg?format=original
assets/img/graphic/04.jpg	https://images.squarespace-cdn.com/content/v1/65e9632ac8470e399ffd06d9/954ec35a-d1bc-4d8d-921d-7e48c7e31307/22.jpg?format=original
assets/img/graphic/05.png	https://images.squarespace-cdn.com/content/v1/65e9632ac8470e399ffd06d9/7d0f9af2-4f48-4da9-adfa-c82b761e2a3f/Screen+Shot+2024-03-11+at+11.08.49+AM.png?format=original
assets/img/graphic/06.jpg	https://images.squarespace-cdn.com/content/v1/65e9632ac8470e399ffd06d9/2c04f7b2-94e3-40d1-8e08-697814981fcb/christmas.jpg?format=original
assets/img/graphic/07.jpg	https://images.squarespace-cdn.com/content/v1/65e9632ac8470e399ffd06d9/0115b35b-0ba5-419f-b4ea-694e82582ab7/chrsitmasnatgeo.jpg?format=original
assets/img/graphic/08.jpg	https://images.squarespace-cdn.com/content/v1/65e9632ac8470e399ffd06d9/4198abaf-594c-4614-b820-891c81209f87/8989.jpg?format=original
assets/img/graphic/09.png	https://images.squarespace-cdn.com/content/v1/65e9632ac8470e399ffd06d9/6575edf4-d63c-4278-8b26-25103fbcf376/Screen+Shot+2024-03-11+at+11.12.27+AM.png?format=original
assets/img/chasinrabbits/01.jpg	https://images.squarespace-cdn.com/content/v1/65e9632ac8470e399ffd06d9/f1b24b9d-ab76-4505-842d-a0f7c972f371/14.jpg?format=original
assets/img/chasinrabbits/02.jpg	https://images.squarespace-cdn.com/content/v1/65e9632ac8470e399ffd06d9/072f43a4-936b-43e5-9dae-b882d144ab0f/05.jpg?format=original
assets/img/chasinrabbits/03.jpg	https://images.squarespace-cdn.com/content/v1/65e9632ac8470e399ffd06d9/31b72d10-5982-4678-8d8b-b314b9f0d1e5/13.jpg?format=original
assets/img/chasinrabbits/04.jpeg	https://images.squarespace-cdn.com/content/v1/65e9632ac8470e399ffd06d9/2d54403a-41ed-4edc-af66-8f25dc1c80d5/1000000039_detail_093.jpeg?format=original
assets/img/chasinrabbits/05.jpeg	https://images.squarespace-cdn.com/content/v1/65e9632ac8470e399ffd06d9/05b555da-b79e-4d0a-b861-a16d736185be/00.jpeg?format=original
assets/img/chasinrabbits/06.jpg	https://images.squarespace-cdn.com/content/v1/65e9632ac8470e399ffd06d9/daa459c5-cba5-4010-9510-51d052a3e0bf/_Z8A0135.JPG?format=original
assets/img/chasinrabbits/07.jpg	https://images.squarespace-cdn.com/content/v1/65e9632ac8470e399ffd06d9/37fd82ad-48ad-48d6-952c-71e19dde7e2b/CR_%E1%84%8F%E1%85%B3%E1%86%AF%E1%84%85%E1%85%A6%E1%86%AB%E1%84%8C%E1%85%A5_mini.jpg?format=original
assets/img/chasinrabbits/08.jpg	https://images.squarespace-cdn.com/content/v1/65e9632ac8470e399ffd06d9/64cc4575-4c0a-43f8-baa5-842b393a5925/%E1%84%8B%E1%85%B5%E1%84%82%E1%85%A6%E1%84%8B%E1%85%B5%E1%84%8E%E1%85%A5192981.jpg?format=original
assets/img/chasinrabbits/09.jpeg	https://images.squarespace-cdn.com/content/v1/65e9632ac8470e399ffd06d9/5ae01b0e-d605-47fd-b82f-bcafa66dc6a1/prd19.jpeg?format=original
assets/img/chasinrabbits/10.jpeg	https://images.squarespace-cdn.com/content/v1/65e9632ac8470e399ffd06d9/ad1f4965-bc91-4aef-a3f7-b132e0decfa2/prd20.jpeg?format=original
assets/img/chasinrabbits/11.jpeg	https://images.squarespace-cdn.com/content/v1/65e9632ac8470e399ffd06d9/6f93534d-f4d7-4e38-b320-eff7b814d6d3/prd18.jpeg?format=original
assets/img/chasinrabbits/12.jpg	https://images.squarespace-cdn.com/content/v1/65e9632ac8470e399ffd06d9/d5b41782-b301-4c78-a5ee-3d18fe1786fc/%E1%84%8B%E1%85%B5%E1%84%82%E1%85%A6%E1%84%8B%E1%85%B5%E1%84%8E%E1%85%A5193016.jpg?format=original
assets/img/chasinrabbits/13.jpeg	https://images.squarespace-cdn.com/content/v1/65e9632ac8470e399ffd06d9/78d1b2c9-c301-407e-a874-9db355423711/CR_Cleansercut2.jpeg?format=original
assets/img/chasinrabbits/14.jpg	https://images.squarespace-cdn.com/content/v1/65e9632ac8470e399ffd06d9/bb14bd82-8909-46b3-b440-cbe85552725a/%E1%84%8E%E1%85%A6%E1%84%8B%E1%85%B5%E1%84%89%E1%85%B5%E1%86%BC%E1%84%85%E1%85%A2%E1%84%87%E1%85%B5%E1%86%BA_%E1%84%8E%E1%85%AE%E1%84%80%E1%85%A1%E1%84%80%E1%85%AA%E1%86%BC%E1%84%80%E1%85%A9%E1%84%8B%E1%85%B5%E1%84%86%E1%85%B5%E1%84%8C%E1%85%B5_06.jpg?format=original
assets/img/chasinrabbits/15.jpg	https://images.squarespace-cdn.com/content/v1/65e9632ac8470e399ffd06d9/9e04c0e9-028c-409e-9eb8-ee20940335ec/IMG_1217.JPG?format=original
assets/img/chasinrabbits/16.jpg	https://images.squarespace-cdn.com/content/v1/65e9632ac8470e399ffd06d9/f783a88b-cdcf-41da-87ae-f4ba69a40f75/1612763989702_filtered.jpg?format=original
assets/img/chasinrabbits/17.jpg	https://images.squarespace-cdn.com/content/v1/65e9632ac8470e399ffd06d9/146d8cd8-b2ae-4345-b051-dc01191af16e/1612758857801_filtered.jpg?format=original
assets/img/chasinrabbits/18.jpg	https://images.squarespace-cdn.com/content/v1/65e9632ac8470e399ffd06d9/ce0108ca-73b5-4e7c-8049-59bfc4b26442/IMG_0454.JPG?format=original
assets/img/chasinrabbits/19.jpg	https://images.squarespace-cdn.com/content/v1/65e9632ac8470e399ffd06d9/3f862641-b5b0-48e1-8e21-d987fb7911fc/IMG_0599.JPG?format=original
assets/img/chasinrabbits/20.jpg	https://images.squarespace-cdn.com/content/v1/65e9632ac8470e399ffd06d9/c5c10f39-9d22-4b24-9c77-155473973309/IMG_0326.JPG?format=original
assets/img/chasinrabbits/21.png	https://images.squarespace-cdn.com/content/v1/65e9632ac8470e399ffd06d9/ea444b01-e172-4820-87ce-9e470788023f/IMG_8596.PNG?format=original
assets/img/chasinrabbits/22.png	https://images.squarespace-cdn.com/content/v1/65e9632ac8470e399ffd06d9/59d117dc-3565-4642-8141-c82ea978fea7/IMG_8595.PNG?format=original
assets/img/chasinrabbits/23.png	https://images.squarespace-cdn.com/content/v1/65e9632ac8470e399ffd06d9/644a9ad3-bf76-4140-a347-9f14370c0a21/IMG_8599+%281%29.PNG?format=original
assets/img/chasinrabbits/24.png	https://images.squarespace-cdn.com/content/v1/65e9632ac8470e399ffd06d9/50097a3f-ed70-466d-9ded-bce4f9b46fb7/IMG_8594.PNG?format=original
assets/img/chasinrabbits/25.gif	https://images.squarespace-cdn.com/content/v1/65e9632ac8470e399ffd06d9/907d1346-dc96-4842-9c3a-89f60338d03a/%E1%84%89%E1%85%A6%E1%84%91%E1%85%A9%E1%84%85%E1%85%A1.gif?format=original
assets/img/chasinrabbits/26.jpeg	https://images.squarespace-cdn.com/content/v1/65e9632ac8470e399ffd06d9/0aed07a9-24db-4030-88e8-1a9a00f6f4fe/style_5f86905a29e0d.jpeg?format=original
assets/img/chasinrabbits/27.jpeg	https://images.squarespace-cdn.com/content/v1/65e9632ac8470e399ffd06d9/a62032d0-549b-46ed-b668-df0d00f5ce8d/style_5f8690631f40b.jpeg?format=original
assets/img/chasinrabbits/28.png	https://images.squarespace-cdn.com/content/v1/65e9632ac8470e399ffd06d9/b6c96ed4-6e3d-4654-89cf-3308f33e3a90/Screen+Shot+2024-03-09+at+12.31.30+PM.png?format=original
assets/img/chasinrabbits/29.jpg	https://images.squarespace-cdn.com/content/v1/65e9632ac8470e399ffd06d9/1c8aa059-b5f5-4adc-a66d-a82124a4e686/IMG_0628.JPG?format=original
assets/img/chasinrabbits/30.jpg	https://images.squarespace-cdn.com/content/v1/65e9632ac8470e399ffd06d9/6498445f-1022-4e5a-9815-8dd1d42bdc94/IMG_0627.JPG?format=original
assets/img/chasinrabbits/31.jpg	https://images.squarespace-cdn.com/content/v1/65e9632ac8470e399ffd06d9/4baa48f9-0317-4046-8d12-bf84c86ef1f8/IMG_5226.JPG?format=original
assets/img/chasinrabbits/32.jpg	https://images.squarespace-cdn.com/content/v1/65e9632ac8470e399ffd06d9/77076a3e-f548-451b-bc41-905e082da3d6/IMG_5232.JPG?format=original
assets/img/chasinrabbits/33.jpg	https://images.squarespace-cdn.com/content/v1/65e9632ac8470e399ffd06d9/6b706008-9e9d-4f32-a599-86d5b3eebafb/IMG_3252.JPG?format=original
assets/img/chasinrabbits/34.jpg	https://images.squarespace-cdn.com/content/v1/65e9632ac8470e399ffd06d9/950ce796-1766-4559-a4b6-e54bd0bf4a30/IMG_5642.JPG?format=original
assets/img/chasinrabbits/35.jpg	https://images.squarespace-cdn.com/content/v1/65e9632ac8470e399ffd06d9/5642c499-9cb7-4e16-a04d-7cf379a644c2/IMG_5885.JPG?format=original
assets/img/chasinrabbits/36.jpg	https://images.squarespace-cdn.com/content/v1/65e9632ac8470e399ffd06d9/19d51eca-cbac-47b5-8d31-fbd5da7d03fd/IMG_5906.JPG?format=original
assets/img/chasinrabbits/37.jpg	https://images.squarespace-cdn.com/content/v1/65e9632ac8470e399ffd06d9/5a3f61a7-5cdc-4721-ad70-ca414306349b/IMG_5281.JPG?format=original
assets/img/chasinrabbits/38.jpg	https://images.squarespace-cdn.com/content/v1/65e9632ac8470e399ffd06d9/822225df-ec1b-4c6b-ae7d-6592155ac421/IMG_6184.JPG?format=original
assets/img/chasinrabbits/39.jpg	https://images.squarespace-cdn.com/content/v1/65e9632ac8470e399ffd06d9/b734d6c8-c762-4658-9eb4-2f8759f81eba/IMG_6039.JPG?format=original
assets/img/chasinrabbits/40.jpg	https://images.squarespace-cdn.com/content/v1/65e9632ac8470e399ffd06d9/a26f7504-491e-4677-9bdd-56c0d8f76502/IMG_6036.JPG?format=original
assets/img/chasinrabbits/41.jpg	https://images.squarespace-cdn.com/content/v1/65e9632ac8470e399ffd06d9/504ddc47-d3a3-4b49-b254-2578a05ae176/IMG_5761.JPG?format=original
assets/img/chasinrabbits/42.jpg	https://images.squarespace-cdn.com/content/v1/65e9632ac8470e399ffd06d9/c8eeba34-ebed-48d4-b258-adc50e0a02a6/IMG_5766.JPG?format=original
assets/img/chasinrabbits/43.jpg	https://images.squarespace-cdn.com/content/v1/65e9632ac8470e399ffd06d9/7fa51ecf-8c60-4435-b60a-b554793e53ae/IMG_5765.JPG?format=original
assets/img/chasinrabbits/44.jpg	https://images.squarespace-cdn.com/content/v1/65e9632ac8470e399ffd06d9/1926f9d3-8fc3-410f-9bb2-7088656b910a/IMG_4598.JPG?format=original
assets/img/chasinrabbits/45.jpg	https://images.squarespace-cdn.com/content/v1/65e9632ac8470e399ffd06d9/10a3823a-f72f-4a31-9669-cacef8915069/IMG_4440.JPG?format=original
assets/img/chasinrabbits/46.jpeg	https://images.squarespace-cdn.com/content/v1/65e9632ac8470e399ffd06d9/14662787-dea4-4e8e-a4d1-ed1312c7bfaa/IMG_4232.jpeg?format=original
assets/img/chasinrabbits/47.jpeg	https://images.squarespace-cdn.com/content/v1/65e9632ac8470e399ffd06d9/9bb43758-3127-4985-bcbc-3f1fbf3cb255/IMG_4231.jpeg?format=original
assets/img/chasinrabbits/48.jpeg	https://images.squarespace-cdn.com/content/v1/65e9632ac8470e399ffd06d9/ec6475cf-a1dd-4065-b803-5ffa02eeeb51/IMG_2138.jpeg?format=original
assets/img/chasinrabbits/49.jpeg	https://images.squarespace-cdn.com/content/v1/65e9632ac8470e399ffd06d9/a7ff94ed-d673-4c32-a16f-b04aceebd4c2/IMG_2137.jpeg?format=original
assets/img/chasinrabbits/50.jpg	https://images.squarespace-cdn.com/content/v1/65e9632ac8470e399ffd06d9/afe0b732-abce-49d1-b5d7-46dbbe1229bb/87A5B045-B706-487A-86A5-6D3C72B13871.jpg?format=original
assets/img/enature/01.png	https://images.squarespace-cdn.com/content/v1/65e9632ac8470e399ffd06d9/39dfec82-c9bc-4e06-a8b8-b71644689057/Screen+Shot+2024-03-07+at+6.06.09+PM.png?format=original
assets/img/enature/02.jpg	https://images.squarespace-cdn.com/content/v1/65e9632ac8470e399ffd06d9/d1ea9679-3524-4912-8246-2f7d33fa34e5/210128_enature_006_r1.jpg?format=original
assets/img/enature/03.jpg	https://images.squarespace-cdn.com/content/v1/65e9632ac8470e399ffd06d9/ec2683b5-64c3-44b5-8701-422aded2ca9e/210128_enature_013.jpg?format=original
assets/img/enature/04.jpg	https://images.squarespace-cdn.com/content/v1/65e9632ac8470e399ffd06d9/8a2bdd67-96be-4d13-b5de-e8321eff97fe/210128_enature_012_r1_final0.jpg?format=original
assets/img/enature/05.jpg	https://images.squarespace-cdn.com/content/v1/65e9632ac8470e399ffd06d9/d633f132-f697-48ea-b080-633f56f21324/210128_enature_002_r3.jpg?format=original
assets/img/enature/06.png	https://images.squarespace-cdn.com/content/v1/65e9632ac8470e399ffd06d9/a6baca74-812a-4178-a79d-2c4c149bd95d/Screen+Shot+2024-03-08+at+11.00.30+AM.png?format=original
assets/img/enature/07.png	https://images.squarespace-cdn.com/content/v1/65e9632ac8470e399ffd06d9/0d60a9a7-fe0d-4ab5-9674-0105d5936d32/Screen+Shot+2023-08-10+at+2.57.55+PM.png?format=original
assets/img/enature/08.png	https://images.squarespace-cdn.com/content/v1/65e9632ac8470e399ffd06d9/ae521934-11ee-47d0-92de-f3e73054f13d/Screen+Shot+2023-08-10+at+2.58.13+PM.png?format=original
assets/img/enature/09.png	https://images.squarespace-cdn.com/content/v1/65e9632ac8470e399ffd06d9/58ba498e-aac8-4b7a-8133-65c93c8e9a8f/Screen+Shot+2024-03-08+at+11.06.06+AM.png?format=original
assets/img/enature/10.png	https://images.squarespace-cdn.com/content/v1/65e9632ac8470e399ffd06d9/046924ef-b354-4baf-bfd8-896255d95757/Screen+Shot+2024-03-08+at+11.39.02+AM.png?format=original
assets/img/enature/11.png	https://images.squarespace-cdn.com/content/v1/65e9632ac8470e399ffd06d9/501886c0-8d67-4b2e-838e-86c85bab8ad0/Screen+Shot+2024-03-09+at+12.15.43+PM.png?format=original
assets/img/enature/12.png	https://images.squarespace-cdn.com/content/v1/65e9632ac8470e399ffd06d9/126c444f-26a1-48b7-92f6-21e5fcb50772/Screen+Shot+2024-03-09+at+12.15.57+PM.png?format=original
assets/img/enature/13.png	https://images.squarespace-cdn.com/content/v1/65e9632ac8470e399ffd06d9/95384c4a-fe34-47ed-ac32-b9a778f9f5ef/Screen+Shot+2024-03-08+at+11.12.52+AM.png?format=original
assets/img/enature/14.png	https://images.squarespace-cdn.com/content/v1/65e9632ac8470e399ffd06d9/4de3569a-e7c1-4789-9749-bbc894edd168/Screen+Shot+2024-03-08+at+11.13.07+AM.png?format=original
assets/img/enature/15.png	https://images.squarespace-cdn.com/content/v1/65e9632ac8470e399ffd06d9/aeb43f6f-e768-4028-88f7-cc9213680ce3/Screen+Shot+2024-03-08+at+11.12.20+AM.png?format=original
assets/img/enature/16.png	https://images.squarespace-cdn.com/content/v1/65e9632ac8470e399ffd06d9/c7b72dda-7900-4fe8-89af-c81030d9e107/Screen+Shot+2024-03-08+at+11.12.36+AM.png?format=original
assets/img/enature/17.png	https://images.squarespace-cdn.com/content/v1/65e9632ac8470e399ffd06d9/ad113b99-a9c0-4960-bc98-d609094bb006/Screen+Shot+2024-03-08+at+11.14.59+AM.png?format=original
assets/img/enature/18.png	https://images.squarespace-cdn.com/content/v1/65e9632ac8470e399ffd06d9/0fedc38d-6958-48f6-ae22-01fd0c5a055f/Screen+Shot+2024-03-08+at+11.17.09+AM.png?format=original
assets/img/enature/19.png	https://images.squarespace-cdn.com/content/v1/65e9632ac8470e399ffd06d9/de3973fe-8446-4001-b93b-4838f2272a70/Screen+Shot+2024-03-09+at+12.27.11+PM.png?format=original
assets/img/toun28/01.png	https://images.squarespace-cdn.com/content/v1/65e9632ac8470e399ffd06d9/f5c0bad0-dd41-4c90-8315-65851cbaca97/%E1%84%8B%E1%85%A1%E1%84%89%E1%85%A6%E1%84%8B%E1%85%A1%E1%86%AB+K+%E1%84%87%E1%85%B2%E1%84%90%E1%85%B5_02.png?format=original
assets/img/toun28/02.jpeg	https://images.squarespace-cdn.com/content/v1/65e9632ac8470e399ffd06d9/3f65c97a-843c-4a62-ba17-0ed74c7e8f92/IMG_2533.jpeg?format=original
assets/img/toun28/03.jpg	https://images.squarespace-cdn.com/content/v1/65e9632ac8470e399ffd06d9/36634a17-1086-4afe-9966-288a294aa62a/84414896_2445746509007955_6362300502000009216_n2.jpg?format=original
assets/img/toun28/04.jpeg	https://images.squarespace-cdn.com/content/v1/65e9632ac8470e399ffd06d9/d7d0957e-23d3-4129-b928-76b4397e8553/IMG_2677.jpeg?format=original
assets/img/toun28/05.jpeg	https://images.squarespace-cdn.com/content/v1/65e9632ac8470e399ffd06d9/79b346f3-4fcd-4756-a5ad-918e8007e6a2/84691490_2445746659007940_2757477361761910784_n.jpeg?format=original
assets/img/toun28/06.jpeg	https://images.squarespace-cdn.com/content/v1/65e9632ac8470e399ffd06d9/255bdcc2-f51e-433f-bf2c-ce2eacf046f5/139600572_2718720315043905_2439760881630143963_n.jpeg?format=original
assets/img/toun28/07.jpg	https://images.squarespace-cdn.com/content/v1/65e9632ac8470e399ffd06d9/64ce702b-dd9a-4770-af15-65e4687a48f8/IMG_2701.JPG?format=original
assets/img/toun28/08.jpg	https://images.squarespace-cdn.com/content/v1/65e9632ac8470e399ffd06d9/c3a6a734-63e4-49cb-9cf9-d21305b0e394/IMG_2390.JPG?format=original
assets/img/toun28/09.jpg	https://images.squarespace-cdn.com/content/v1/65e9632ac8470e399ffd06d9/f87021aa-51d4-44e3-b871-1a1e7a4db0cf/IMG_2384.JPG?format=original
assets/img/toun28/10.jpg	https://images.squarespace-cdn.com/content/v1/65e9632ac8470e399ffd06d9/956bd609-314d-4967-bb91-6ac448adeb32/IMG_2437.JPG?format=original
assets/img/toun28/11.png	https://images.squarespace-cdn.com/content/v1/65e9632ac8470e399ffd06d9/6067cd64-4431-4cc4-bf63-fdb2fa65dd2f/Screen+Shot+2024-03-08+at+10.44.57+AM.png?format=original
assets/img/toun28/12.jpeg	https://images.squarespace-cdn.com/content/v1/65e9632ac8470e399ffd06d9/04752c13-b451-49d2-95e5-8011aad87190/IMG_2409.jpeg?format=original
assets/img/toun28/13.jpg	https://images.squarespace-cdn.com/content/v1/65e9632ac8470e399ffd06d9/cb6769f1-59b4-4f41-82f9-7602d2ceade6/IMG_2483.JPG?format=original
assets/img/toun28-small-vmds/01.jpg	https://images.squarespace-cdn.com/content/v1/65e9632ac8470e399ffd06d9/d6bf836a-5f60-4f91-92dc-c950959c07e8/IMG_9349.JPG?format=original
assets/img/toun28-small-vmds/02.jpg	https://images.squarespace-cdn.com/content/v1/65e9632ac8470e399ffd06d9/38aea101-169c-45c0-9fdf-1e5f86e2e929/IMG_9469.JPG?format=original
assets/img/toun28-small-vmds/03.jpg	https://images.squarespace-cdn.com/content/v1/65e9632ac8470e399ffd06d9/ca4bbacc-c136-4d6f-bc00-735c6c5049c9/IMG_9382.JPG?format=original
assets/img/toun28-small-vmds/04.jpg	https://images.squarespace-cdn.com/content/v1/65e9632ac8470e399ffd06d9/ea786a2b-f7ae-403b-b8ed-3d9f3fd33d47/IMG_9792.JPG?format=original
assets/img/toun28-small-vmds/05.jpg	https://images.squarespace-cdn.com/content/v1/65e9632ac8470e399ffd06d9/c5ae6e74-0b88-49bd-b208-2eba35a8937d/IMG_9946.JPG?format=original
assets/img/toun28-small-vmds/06.jpeg	https://images.squarespace-cdn.com/content/v1/65e9632ac8470e399ffd06d9/6c0610a4-d811-494d-bdef-f790eb76d37c/IMG_9631.jpeg?format=original
assets/img/toun28-small-vmds/07.jpg	https://images.squarespace-cdn.com/content/v1/65e9632ac8470e399ffd06d9/f299e4d6-95ea-4bb1-a6f7-302075912a40/IMG_1296.JPG?format=original
assets/img/toun28-small-vmds/08.jpg	https://images.squarespace-cdn.com/content/v1/65e9632ac8470e399ffd06d9/43f1674c-adfb-4eb6-9f2d-07b8f7b526d1/IMG_1299.JPG?format=original
assets/img/toun28-small-vmds/09.jpg	https://images.squarespace-cdn.com/content/v1/65e9632ac8470e399ffd06d9/4c076bf0-e220-45c8-9e3c-e957ade41e51/IMG_1203.JPG?format=original
assets/img/toun28-small-vmds/10.jpeg	https://images.squarespace-cdn.com/content/v1/65e9632ac8470e399ffd06d9/3cc7846e-7f7c-4571-8012-5e80b1f34d7d/Screenshot+2019-06-25+16.18.43.jpeg?format=original
assets/img/toun28-small-vmds/11.jpeg	https://images.squarespace-cdn.com/content/v1/65e9632ac8470e399ffd06d9/c9dda46a-7771-466a-9647-66a26f916103/IMG_2134.jpeg?format=original
assets/img/toun28-small-vmds/12.jpeg	https://images.squarespace-cdn.com/content/v1/65e9632ac8470e399ffd06d9/10374a8d-6781-4f22-a809-2242e51e552e/IMG_2135.jpeg?format=original
assets/img/toun28-small-vmds/13.jpg	https://images.squarespace-cdn.com/content/v1/65e9632ac8470e399ffd06d9/78b17dad-34ea-4ddc-84da-017a21a48696/IMG_2131.jpg?format=original
assets/img/toun28-small-vmds/14.jpg	https://images.squarespace-cdn.com/content/v1/65e9632ac8470e399ffd06d9/28d4fb83-9f9e-4703-b7b8-39446201b194/IMG_2103.JPG?format=original
assets/img/toun28-small-vmds/15.jpg	https://images.squarespace-cdn.com/content/v1/65e9632ac8470e399ffd06d9/efa6358f-1ece-4d82-91b5-fa83147bea6a/IMG_2104.JPG?format=original
assets/img/toun28-small-vmds/16.jpg	https://images.squarespace-cdn.com/content/v1/65e9632ac8470e399ffd06d9/40db1cf6-59e3-4f14-963a-b6d25399a9ae/IMG_2108.JPG?format=original
assets/img/toun28-small-vmds/17.jpeg	https://images.squarespace-cdn.com/content/v1/65e9632ac8470e399ffd06d9/5bfd03ad-5043-48b5-b2cb-e83a28303ab1/IMG_2114.jpeg?format=original
assets/img/toun28-small-vmds/18.jpg	https://images.squarespace-cdn.com/content/v1/65e9632ac8470e399ffd06d9/91ac5eb5-66c6-4471-8ea7-2d8af7da56f5/IMG_1158.JPG?format=original
assets/img/toun28-small-vmds/19.jpg	https://images.squarespace-cdn.com/content/v1/65e9632ac8470e399ffd06d9/d36efcf5-63c5-42be-9b8b-584bded67a5d/IMG_1162.JPG?format=original
assets/img/toun28-small-vmds/20.jpeg	https://images.squarespace-cdn.com/content/v1/65e9632ac8470e399ffd06d9/fe183119-26f6-46f0-bd06-7069f6cf5857/IMG_1165.jpeg?format=original
assets/img/toun28-small-vmds/21.jpg	https://images.squarespace-cdn.com/content/v1/65e9632ac8470e399ffd06d9/75ead2e9-ae77-49cd-bf1c-dde55e1bd33b/IMG_2572.JPG?format=original
assets/img/officedesign/01.jpg	https://images.squarespace-cdn.com/content/v1/65e9632ac8470e399ffd06d9/16629ac9-ad1c-4726-a815-70ef5890679f/IMG_0505.JPG?format=original
assets/img/officedesign/02.jpeg	https://images.squarespace-cdn.com/content/v1/65e9632ac8470e399ffd06d9/492b1caa-c85c-4aff-a113-b90156e28675/IMG_3306.jpeg?format=original
assets/img/officedesign/03.jpeg	https://images.squarespace-cdn.com/content/v1/65e9632ac8470e399ffd06d9/70056154-601c-432a-8720-dd53c3d14389/IMG_0710.jpeg?format=original
assets/img/officedesign/04.jpeg	https://images.squarespace-cdn.com/content/v1/65e9632ac8470e399ffd06d9/74d1a7a9-ca4f-4bf5-bbff-bb94b36e8be2/IMG_0709.jpeg?format=original
assets/img/officedesign/05.jpeg	https://images.squarespace-cdn.com/content/v1/65e9632ac8470e399ffd06d9/90122374-6a73-4387-a1f9-236ca5414b6b/73033931_2340190996230174_3001971862600155136_n.jpeg?format=original
assets/img/officedesign/06.jpeg	https://images.squarespace-cdn.com/content/v1/65e9632ac8470e399ffd06d9/2fdd7fa5-b8ea-499b-89bc-b0bdeb1ac3d7/94814661_2508534002729205_954919427747348480_n.jpeg?format=original
assets/img/officedesign/07.jpeg	https://images.squarespace-cdn.com/content/v1/65e9632ac8470e399ffd06d9/cc58c546-2dcd-4b67-b1c5-c71735a2d4a2/95016100_2508534089395863_3178707052411224064_n.jpeg?format=original
assets/img/officedesign/08.jpeg	https://images.squarespace-cdn.com/content/v1/65e9632ac8470e399ffd06d9/143d641e-7caf-4131-9196-e5b6e154d450/IMG_0682.jpeg?format=original
assets/img/officedesign/09.jpeg	https://images.squarespace-cdn.com/content/v1/65e9632ac8470e399ffd06d9/206bd4f9-8c27-4315-a60c-851f8aed72c8/IMG_0708.jpeg?format=original
assets/img/officedesign/10.jpeg	https://images.squarespace-cdn.com/content/v1/65e9632ac8470e399ffd06d9/e828065f-45d7-4eca-ae4e-ec66f4fde788/IMG_0696.jpeg?format=original
assets/img/officedesign/11.jpg	https://images.squarespace-cdn.com/content/v1/65e9632ac8470e399ffd06d9/5de2c19e-34c5-454b-9495-2b1d081e9688/IMG_0528.JPG?format=original
assets/img/officedesign/12.jpg	https://images.squarespace-cdn.com/content/v1/65e9632ac8470e399ffd06d9/73eb8647-dbcd-43f9-8007-41defe027eb5/IMG_0358.JPG?format=original
assets/img/officedesign/13.jpg	https://images.squarespace-cdn.com/content/v1/65e9632ac8470e399ffd06d9/95a840e6-6334-425a-ab16-fb9ba13c3b22/IMG_0334.JPG?format=original
assets/img/officedesign/14.jpg	https://images.squarespace-cdn.com/content/v1/65e9632ac8470e399ffd06d9/4b0af089-168a-4268-bc0f-0c36fa4c8a15/4B971AAB-92E7-4230-B514-FE81EEAF96CC.jpg?format=original
assets/img/officedesign/15.jpg	https://images.squarespace-cdn.com/content/v1/65e9632ac8470e399ffd06d9/86474884-bc71-4092-acbd-f6e12fdfb689/IMG_0304.JPG?format=original
assets/img/officedesign/16.jpg	https://images.squarespace-cdn.com/content/v1/65e9632ac8470e399ffd06d9/42df89e0-5d6a-4d1c-8628-a74e7d751fd3/IMG_0284.JPG?format=original
assets/img/officedesign/17.jpg	https://images.squarespace-cdn.com/content/v1/65e9632ac8470e399ffd06d9/45ccc21e-393c-48e1-a91c-acfb7ee2bdb5/B3628457-DEA6-46EF-8FC3-6727B17F5085.jpg?format=original
assets/img/officedesign/18.jpg	https://images.squarespace-cdn.com/content/v1/65e9632ac8470e399ffd06d9/c0e2b63f-11d5-4e9d-9532-f65675a45669/IMG_0162.JPG?format=original
assets/img/officedesign/19.jpg	https://images.squarespace-cdn.com/content/v1/65e9632ac8470e399ffd06d9/b31ed098-08bf-4f3f-a322-f5c65f4bfa91/IMG_0145.JPG?format=original
assets/img/moving-capsule/01.png	https://images.squarespace-cdn.com/content/v1/65e9632ac8470e399ffd06d9/7a3f98a3-9135-4a81-904b-8742bda5a42b/Screen+Shot+2024-03-11+at+11.50.10+AM.png?format=original
assets/img/moving-capsule/02.jpg	https://images.squarespace-cdn.com/content/v1/65e9632ac8470e399ffd06d9/bf6dc98f-2040-4d91-ac44-634e8bf40d10/IMG_4222.JPG?format=original
assets/img/landscape/01.png	https://images.squarespace-cdn.com/content/v1/65e9632ac8470e399ffd06d9/6c48a8d8-0495-452c-b255-9c5fff01033e/Screen+Shot+2024-03-10+at+5.29.10+PM.png?format=original
assets/img/landscape/02.png	https://images.squarespace-cdn.com/content/v1/65e9632ac8470e399ffd06d9/c8360162-c931-4234-be9a-e773b3af12f4/Screen+Shot+2024-03-10+at+5.28.55+PM.png?format=original
assets/img/landscape/03.png	https://images.squarespace-cdn.com/content/v1/65e9632ac8470e399ffd06d9/f21861b3-3933-4b71-85cd-c984551496e0/Screen+Shot+2024-03-10+at+5.28.47+PM.png?format=original
assets/img/landscape/04.png	https://images.squarespace-cdn.com/content/v1/65e9632ac8470e399ffd06d9/e1e04189-6322-48b0-ab8d-ec2b5c0ec231/Screen+Shot+2024-03-11+at+10.51.13+AM.png?format=original
assets/img/landscape/05.png	https://images.squarespace-cdn.com/content/v1/65e9632ac8470e399ffd06d9/fe30cb5b-411a-4687-ba04-f9ef6de12340/Screen+Shot+2024-03-11+at+10.50.33+AM.png?format=original
assets/img/landscape/06.jpg	https://images.squarespace-cdn.com/content/v1/65e9632ac8470e399ffd06d9/c0618b71-74a0-45e2-b66b-057c40d9b1ce/TransbayTerminalConstruction_PChang_0218.0.jpg?format=original
assets/img/landscape/07.png	https://images.squarespace-cdn.com/content/v1/65e9632ac8470e399ffd06d9/9a9635ed-37fe-41cb-87db-68048f05b687/Screen+Shot+2024-03-10+at+5.29.23+PM.png?format=original
assets/img/landscape/08.jpg	https://images.squarespace-cdn.com/content/v1/65e9632ac8470e399ffd06d9/5cff5c87-f7f5-4dcb-8aa7-c3837213fb39/IMG_0446.JPG?format=original
assets/img/landscape/09.jpg	https://images.squarespace-cdn.com/content/v1/65e9632ac8470e399ffd06d9/6a3ba3ed-962d-4e31-8220-0168ea1776a3/IMG_0412.JPG?format=original
assets/img/landscape/10.png	https://images.squarespace-cdn.com/content/v1/65e9632ac8470e399ffd06d9/6d2071cc-03cb-4a4d-ba29-c60bd981781c/Screen+Shot+2024-03-10+at+5.29.37+PM.png?format=original
assets/img/landscape/11.jpg	https://images.squarespace-cdn.com/content/v1/65e9632ac8470e399ffd06d9/5c3ef197-e333-4ba1-9647-ad4ce0ed6830/IMG_1541.JPG?format=original
assets/img/landscape/12.jpg	https://images.squarespace-cdn.com/content/v1/65e9632ac8470e399ffd06d9/60729182-1e17-4de1-af52-006e395b7aa1/IMG_1742.jpg?format=original
assets/img/harvard-passport/01.jpeg	https://images.squarespace-cdn.com/content/v1/65e9632ac8470e399ffd06d9/f17e3c11-a5ee-4e3e-9c87-d9a3a9476594/passports1.jpeg?format=original
assets/img/harvard-passport/02.png	https://images.squarespace-cdn.com/content/v1/65e9632ac8470e399ffd06d9/491c3521-1366-44d9-9a93-d8defb2131fc/Screen+Shot+2024-03-09+at+10.28.28+AM.png?format=original
assets/img/harvard-passport/03.png	https://images.squarespace-cdn.com/content/v1/65e9632ac8470e399ffd06d9/5f063f01-3442-4715-addd-20a59bd1eb75/Screen+Shot+2024-03-08+at+11.32.08+AM.png?format=original
assets/img/harvard-passport/04.png	https://images.squarespace-cdn.com/content/v1/65e9632ac8470e399ffd06d9/2a805027-45c9-48ca-b56c-c9e343eebf04/Screen+Shot+2024-03-08+at+11.32.27+AM.png?format=original
assets/img/harvard-passport/05.png	https://images.squarespace-cdn.com/content/v1/65e9632ac8470e399ffd06d9/554c1919-c43b-4b25-9145-cd049be3ac5e/Screen+Shot+2024-03-09+at+10.28.10+AM.png?format=original
assets/img/harvard-passport/06.png	https://images.squarespace-cdn.com/content/v1/65e9632ac8470e399ffd06d9/66493efe-ff52-46a7-a8a8-fa5e0f3d0a55/Screen+Shot+2024-03-09+at+10.26.38+AM.png?format=original
assets/img/harvard-passport/07.png	https://images.squarespace-cdn.com/content/v1/65e9632ac8470e399ffd06d9/2fa40137-47d0-4a37-8910-d997fdb948b0/Screen+Shot+2024-03-09+at+10.26.45+AM.png?format=original
assets/img/harvard-passport/08.png	https://images.squarespace-cdn.com/content/v1/65e9632ac8470e399ffd06d9/7c483a7d-f6f2-4168-8c2c-be024169c8ee/Screen+Shot+2024-03-09+at+10.26.54+AM.png?format=original
